{
  "version": 1,
  "integrity_hash": "f546d610d2d5cbc00c2a50737a6d492dc23aeac352b2ff7fbf293972e658e0db",
  "ethics_indices": [
    305418,
    305419,
    305420,
    305421,
    305422,
    305423,
    305424,
    305425,
    305426,
    305427,
    305439,
    305440,
    305441,
    305442,
    305443,
    305444,
    305445,
    305446,
    305447,
    305448,
    305449,
    305450,
    305451,
    305452,
    305453,
    305454,
    305455,
    305456,
    305462,
    305463,
    305464,
    305465,
    305466,
    305467,
    305468,
    305469,
    305470,
    305471,
    305472,
    305473,
    305474,
    305475,
    305476,
    305477,
    305478,
    305479,
    305480,
    305481,
    305482,
    305483,
    305484,
    305485,
    305486,
    305487,
    305488,
    305489,
    305490,
    305491,
    305492,
    305493,
    305494,
    305495,
    305496,
    305497,
    305498,
    305499,
    305500,
    305501,
    305502,
    305503,
    305504,
    305505,
    305506,
    305507,
    305508,
    305509,
    305510,
    305511,
    305512,
    305513,
    305514,
    305515,
    305516,
    305517,
    305518,
    305519,
    305520,
    305521,
    305522,
    305523,
    305524,
    305525,
    305526,
    305527,
    305528,
    305529,
    305530,
    305531,
    305532,
    305533,
    305534,
    305535,
    305536,
    305537,
    305538,
    305539,
    305540,
    305541,
    305542,
    305543,
    305544
  ],
  "n_sentinels": 63,
  "warp_strength": 0.03,
  "safety_direction": [
    0.018367640674114227,
    0.05684351548552513,
    -0.002103013452142477,
    0.000521619338542223,
    0.08831928670406342,
    0.012840496376156807,
    -0.0671892762184143,
    -0.020024964585900307,
    -0.03325820714235306,
    -0.002981804311275482,
    0.0363050140440464,
    0.04296017065644264,
    -0.012585297226905823,
    0.03967165946960449,
    -0.01932910643517971,
    0.05550920218229294,
    0.07009822130203247,
    -0.07635071128606796,
    -0.05048539116978645,
    0.13934080302715302,
    0.030121847987174988,
    0.09878513216972351,
    0.029547475278377533,
    0.03747227042913437,
    -0.0965309739112854,
    -0.08167429268360138,
    -0.03973608836531639,
    -0.0141869205981493,
    -0.017680548131465912,
    -0.022835223004221916,
    -0.061505209654569626,
    -0.05002064257860184,
    0.010337545536458492,
    0.05494570732116699,
    0.07711377739906311,
    0.048253729939460754,
    0.0553794763982296,
    -0.027422459796071053,
    -0.015947630628943443,
    -0.04593050479888916,
    0.010163996368646622,
    0.018761025741696358,
    -0.04235813021659851,
    -0.035518378019332886,
    0.033864185214042664,
    0.032913222908973694,
    -0.06630753725767136,
    -0.13132929801940918,
    -0.06096464768052101,
    0.008863229304552078,
    -0.016301924362778664,
    0.0649835392832756,
    0.016116302460432053,
    0.06366121768951416,
    -0.031679585576057434,
    -0.0315038338303566,
    -0.016333697363734245,
    0.0029031899757683277,
    -0.032478217035532,
    0.012058251537382603,
    0.03153152018785477,
    -0.0637659803032875,
    -0.012147528119385242,
    0.0074161929078400135,
    -0.029948558658361435,
    0.04021606221795082,
    -0.020332282409071922,
    -0.004811171442270279,
    -0.056331418454647064,
    -0.05712489038705826,
    -0.036371778696775436,
    -0.0011890281457453966,
    0.025386741384863853,
    0.06681240350008011,
    0.03041534684598446,
    -0.03305305913090706,
    -0.00037137605249881744,
    0.0032908928114920855,
    0.03881309926509857,
    -0.06346581876277924,
    0.036918386816978455,
    0.051047589629888535,
    0.038941945880651474,
    -0.003737257095053792,
    -0.054812248796224594,
    -0.0451534241437912,
    -0.029208334162831306,
    -0.011101088486611843,
    0.018797902390360832,
    0.05572856590151787,
    -0.07341846823692322,
    -0.024566102772951126,
    0.11897474527359009,
    0.007926621474325657,
    0.014969862997531891,
    0.028671400621533394,
    -0.018655994907021523,
    -0.01450580544769764,
    -0.08308485150337219,
    -0.06547059118747711,
    0.04265430197119713,
    -0.04574475437402725,
    -0.03852027654647827,
    0.08984452486038208,
    -0.01171874813735485,
    -0.02972252480685711,
    -0.09098684042692184,
    -0.04233681410551071,
    -0.07171517610549927,
    0.04100003093481064,
    -0.034046072512865067,
    0.032480817288160324,
    -0.02800941839814186,
    -0.03555486351251602,
    -0.005005794111639261,
    0.020345117896795273,
    -0.03814835101366043,
    0.04009871929883957,
    0.06304316222667694,
    0.03742446377873421,
    -0.006987858563661575,
    -0.023857738822698593,
    0.05072270706295967,
    -0.020237132906913757,
    0.018606506288051605,
    -0.12877459824085236,
    -0.012096010148525238,
    2.1959967868350313e-34,
    -0.01519157737493515,
    -0.07443846017122269,
    0.0880969688296318,
    -0.07780509442090988,
    0.013858065009117126,
    -0.014662924222648144,
    -0.08004121482372284,
    -0.011230463162064552,
    0.07327532768249512,
    -0.04158506914973259,
    0.03982318192720413,
    0.06558407843112946,
    0.09756259620189667,
    -0.04677421599626541,
    -0.019139578565955162,
    0.1493399739265442,
    -0.02115628495812416,
    0.09467414021492004,
    0.006736403796821833,
    -0.010943516157567501,
    0.08823499083518982,
    -0.007821568287909031,
    -0.04215506836771965,
    0.05660967901349068,
    -0.043475788086652756,
    -0.04900242015719414,
    0.013275808654725552,
    -0.004853433463722467,
    0.027606472373008728,
    0.026032941415905952,
    -0.05751699581742287,
    -0.03679351508617401,
    0.03836766630411148,
    -0.0711173266172409,
    0.07078515738248825,
    0.09113483130931854,
    -0.003327882383018732,
    -0.01644647866487503,
    -0.07399199157953262,
    -0.008935119956731796,
    0.030992072075605392,
    0.01611044816672802,
    0.057899028062820435,
    0.06626790016889572,
    -0.0023354818113148212,
    -0.08991464972496033,
    0.08605790883302689,
    -0.07817704230546951,
    -0.09170027822256088,
    0.012229721993207932,
    -0.07082732766866684,
    0.03778243064880371,
    0.011158210225403309,
    -0.0321212112903595,
    0.009578730911016464,
    0.012088856659829617,
    -0.038274332880973816,
    0.07770206034183502,
    -0.09957311302423477,
    -0.0343085341155529,
    -0.07264907658100128,
    -0.05846244841814041,
    0.02752569504082203,
    -0.08509610593318939,
    -0.013165301643311977,
    -0.0011693539563566446,
    -0.02865850366652012,
    -0.046147946268320084,
    -0.02216401696205139,
    -0.04767851531505585,
    -0.00518589373677969,
    -0.019697939977049828,
    0.08306767791509628,
    -0.02297232486307621,
    -0.0041495333425700665,
    -0.013942133635282516,
    -0.06162501499056816,
    -0.016834385693073273,
    0.025489816442131996,
    -0.02203228883445263,
    0.03386051207780838,
    -0.02026769518852234,
    0.050993166863918304,
    0.05806005001068115,
    0.10792043805122375,
    -0.008457008749246597,
    0.05921659991145134,
    0.05141255632042885,
    -0.010568180121481419,
    0.007203038316220045,
    0.09018135070800781,
    0.12291114777326584,
    -0.07566996663808823,
    0.06573450565338135,
    -0.09311217814683914,
    -6.166950094970888e-34,
    -0.023810259997844696,
    -0.07075566053390503,
    0.007303738500922918,
    0.03865460678935051,
    0.013427004218101501,
    0.02236722595989704,
    0.038413841277360916,
    0.08846792578697205,
    0.0716625526547432,
    0.015709595754742622,
    0.032548367977142334,
    0.009435990825295448,
    -0.04174850508570671,
    -0.006246091797947884,
    -0.060276757925748825,
    0.012012037448585033,
    -0.1421566754579544,
    -0.03412514925003052,
    -0.026782644912600517,
    -0.013145158998668194,
    -0.040608860552310944,
    0.06782443076372147,
    -0.040555648505687714,
    0.07670870423316956,
