{"meta": {"model_id": "Qwen/Qwen2.5-32B-Instruct", "n_layers": 64, "n_prompts": 4, "seq_lens": [4096, 8192], "splice_layers": [16, 32, 48], "device": "cuda", "dtype": "torch.float16", "elapsed_sec": 292.8107874393463}, "results": [{"prompt_idx": 0, "splice_layer": 16, "seq_len": 1621, "hidden_dim": 5120, "total_rank_bound": 1621, "ranks_for_variance": {"0.9": 1, "0.95": 1, "0.99": 202, "0.999": 898}, "singular_values_top32": [31134.75390625, 1189.344970703125, 862.9495849609375, 815.4329223632812, 785.180908203125, 745.6575317382812, 726.174560546875, 696.4542236328125, 665.9185180664062, 655.1798706054688, 634.4635009765625, 611.6871948242188, 591.1298828125, 590.4150390625, 586.46484375, 574.8658447265625, 538.462646484375, 526.9970703125, 525.0931396484375, 518.9010620117188, 508.57476806640625, 503.8360290527344, 499.57952880859375, 486.8052978515625, 477.19879150390625, 472.319580078125, 468.956787109375, 462.4534912109375, 456.9173583984375, 453.966064453125, 447.646728515625, 442.3069763183594]}, {"prompt_idx": 0, "splice_layer": 32, "seq_len": 1621, "hidden_dim": 5120, "total_rank_bound": 1621, "ranks_for_variance": {"0.9": 1, "0.95": 11, "0.99": 368, "0.999": 1143}, "singular_values_top32": [31723.935546875, 1531.5849609375, 1345.39599609375, 1227.019287109375, 1159.5931396484375, 1073.424560546875, 1040.954833984375, 995.8406982421875, 950.4198608398438, 923.89453125, 903.1356811523438, 885.4472045898438, 836.9948120117188, 824.5032958984375, 805.63330078125, 779.7897338867188, 759.3260498046875, 735.8820190429688, 722.50390625, 708.0994873046875, 697.821044921875, 686.4373779296875, 678.556640625, 652.347900390625, 647.8096313476562, 633.9307861328125, 627.318603515625, 616.3550415039062, 609.5624389648438, 601.7135620117188, 596.594970703125, 592.6600952148438]}, {"prompt_idx": 0, "splice_layer": 48, "seq_len": 1621, "hidden_dim": 5120, "total_rank_bound": 1621, "ranks_for_variance": {"0.9": 8, "0.95": 92, "0.99": 582, "0.999": 1283}, "singular_values_top32": [32833.42578125, 2605.101318359375, 2205.447021484375, 2010.9525146484375, 1931.6920166015625, 1826.045654296875, 1704.9886474609375, 1611.67138671875, 1558.0811767578125, 1519.2646484375, 1434.4517822265625, 1382.2911376953125, 1314.9312744140625, 1290.14013671875, 1258.795166015625, 1226.248291015625, 1184.2060546875, 1166.51171875, 1122.1463623046875, 1106.4866943359375, 1066.7161865234375, 1049.2772216796875, 1018.8043823242188, 990.850341796875, 983.3534545898438, 964.4154663085938, 955.3076171875, 946.6831665039062, 924.8012084960938, 910.4498901367188, 899.465576171875, 877.1937255859375]}, {"prompt_idx": 1, "splice_layer": 16, "seq_len": 1621, "hidden_dim": 5120, "total_rank_bound": 1621, "ranks_for_variance": {"0.9": 1, "0.95": 1, "0.99": 202, "0.999": 898}, "singular_values_top32": [31134.75390625, 1189.344970703125, 862.9495849609375, 815.4329223632812, 785.180908203125, 745.6575317382812, 726.174560546875, 696.4542236328125, 665.9185180664062, 655.1798706054688, 634.4635009765625, 611.6871948242188, 591.1298828125, 590.4150390625, 586.46484375, 574.8658447265625, 538.462646484375, 526.9970703125, 525.0931396484375, 518.9010620117188, 508.57476806640625, 503.8360290527344, 499.57952880859375, 486.8052978515625, 477.19879150390625, 472.319580078125, 468.956787109375, 462.4534912109375, 456.9173583984375, 453.966064453125, 447.646728515625, 442.3069763183594]}, {"prompt_idx": 1, "splice_layer": 32, "seq_len": 1621, "hidden_dim": 5120, "total_rank_bound": 1621, "ranks_for_variance": {"0.9": 1, "0.95": 11, "0.99": 368, "0.999": 1143}, "singular_values_top32": [31723.935546875, 1531.5849609375, 1345.39599609375, 1227.019287109375, 1159.5931396484375, 1073.424560546875, 1040.954833984375, 995.8406982421875, 950.4198608398438, 923.89453125, 903.1356811523438, 885.4472045898438, 836.9948120117188, 824.5032958984375, 805.63330078125, 779.7897338867188, 759.3260498046875, 735.8820190429688, 722.50390625, 708.0994873046875, 697.821044921875, 686.4373779296875, 678.556640625, 652.347900390625, 647.8096313476562, 633.9307861328125, 627.318603515625, 616.3550415039062, 609.5624389648438, 601.7135620117188, 596.594970703125, 592.6600952148438]}, {"prompt_idx": 1, "splice_layer": 48, "seq_len": 1621, "hidden_dim": 5120, "total_rank_bound": 1621, "ranks_for_variance": {"0.9": 8, "0.95": 92, "0.99": 582, "0.999": 1283}, "singular_values_top32": [32833.42578125, 2605.101318359375, 2205.447021484375, 2010.9525146484375, 1931.6920166015625, 1826.045654296875, 1704.9886474609375, 1611.67138671875, 1558.0811767578125, 1519.2646484375, 1434.4517822265625, 1382.2911376953125, 1314.9312744140625, 1290.14013671875, 1258.795166015625, 1226.248291015625, 1184.2060546875, 1166.51171875, 1122.1463623046875, 1106.4866943359375, 1066.7161865234375, 1049.2772216796875, 1018.8043823242188, 990.850341796875, 983.3534545898438, 964.4154663085938, 955.3076171875, 946.6831665039062, 924.8012084960938, 910.4498901367188, 899.465576171875, 877.1937255859375]}, {"prompt_idx": 2, "splice_layer": 16, "seq_len": 1621, "hidden_dim": 5120, "total_rank_bound": 1621, "ranks_for_variance": {"0.9": 1, "0.95": 1, "0.99": 202, "0.999": 898}, "singular_values_top32": [31134.75390625, 1189.344970703125, 862.9495849609375, 815.4329223632812, 785.180908203125, 745.6575317382812, 726.174560546875, 696.4542236328125, 665.9185180664062, 655.1798706054688, 634.4635009765625, 611.6871948242188, 591.1298828125, 590.4150390625, 586.46484375, 574.8658447265625, 538.462646484375, 526.9970703125, 525.0931396484375, 518.9010620117188, 508.57476806640625, 503.8360290527344, 499.57952880859375, 486.8052978515625, 477.19879150390625, 472.319580078125, 468.956787109375, 462.4534912109375, 456.9173583984375, 453.966064453125, 447.646728515625, 442.3069763183594]}, {"prompt_idx": 2, "splice_layer": 32, "seq_len": 1621, "hidden_dim": 5120, "total_rank_bound": 1621, "ranks_for_variance": {"0.9": 1, "0.95": 11, "0.99": 368, "0.999": 1143}, "singular_values_top32": [31723.935546875, 1531.5849609375, 1345.39599609375, 1227.019287109375, 1159.5931396484375, 1073.424560546875, 1040.954833984375, 995.8406982421875, 950.4198608398438, 923.89453125, 903.1356811523438, 885.4472045898438, 836.9948120117188, 824.5032958984375, 805.63330078125, 779.7897338867188, 759.3260498046875, 735.8820190429688, 722.50390625, 708.0994873046875, 697.821044921875, 686.4373779296875, 678.556640625, 652.347900390625, 647.8096313476562, 633.9307861328125, 627.318603515625, 616.3550415039062, 609.5624389648438, 601.7135620117188, 596.594970703125, 592.6600952148438]}, {"prompt_idx": 2, "splice_layer": 48, "seq_len": 1621, "hidden_dim": 5120, "total_rank_bound": 1621, "ranks_for_variance": {"0.9": 8, "0.95": 92, "0.99": 582, "0.999": 1283}, "singular_values_top32": [32833.42578125, 2605.101318359375, 2205.447021484375, 2010.9525146484375, 1931.6920166015625, 1826.045654296875, 1704.9886474609375, 1611.67138671875, 1558.0811767578125, 1519.2646484375, 1434.4517822265625, 1382.2911376953125, 1314.9312744140625, 1290.14013671875, 1258.795166015625, 1226.248291015625, 1184.2060546875, 1166.51171875, 1122.1463623046875, 1106.4866943359375, 1066.7161865234375, 1049.2772216796875, 1018.8043823242188, 990.850341796875, 983.3534545898438, 964.4154663085938, 955.3076171875, 946.6831665039062, 924.8012084960938, 910.4498901367188, 899.465576171875, 877.1937255859375]}, {"prompt_idx": 3, "splice_layer": 16, "seq_len": 1621, "hidden_dim": 5120, "total_rank_bound": 1621, "ranks_for_variance": {"0.9": 1, "0.95": 1, "0.99": 202, "0.999": 898},